[
    {
        "title": "Watch Later",
        "image": "https:\/\/w27.my-cima.net\/uploads\/thumbs\/84a4ed68b-1.jpg",
        "duration": "2:23:03",
        "link": "https:\/\/w27.my-cima.net\/watch.php?vid=84a4ed68b"
    },
    {
        "title": "Watch Later",
        "image": "https:\/\/w27.my-cima.net\/uploads\/thumbs\/ff3b66059-1.jpg",
        "duration": "2:21:53",
        "link": "https:\/\/w27.my-cima.net\/watch.php?vid=ff3b66059"
    },
    {
        "title": "Watch Later",
        "image": "https:\/\/w27.my-cima.net\/uploads\/thumbs\/583c92163-1.jpg",
        "duration": "1:04:33",
        "link": "https:\/\/w27.my-cima.net\/watch.php?vid=583c92163"
    },
    {
        "title": "Watch Later",
        "image": "https:\/\/w27.my-cima.net\/uploads\/thumbs\/3bcf922a0-1.jpg",
        "duration": "34:43",
        "link": "https:\/\/w27.my-cima.net\/watch.php?vid=3bcf922a0"
    },
    {
        "title": "Watch Later",
        "image": "https:\/\/w27.my-cima.net\/uploads\/thumbs\/dea7f77f0-1.jpg",
        "duration": "38:44",
        "link": "https:\/\/w27.my-cima.net\/watch.php?vid=dea7f77f0"
    },
    {
        "title": "Watch Later",
        "image": "https:\/\/w27.my-cima.net\/uploads\/thumbs\/d11dacde9-1.jpg",
        "duration": "36:43",
        "link": "https:\/\/w27.my-cima.net\/watch.php?vid=d11dacde9"
    },
    {
        "title": "Watch Later",
        "image": "https:\/\/w27.my-cima.net\/uploads\/thumbs\/e2e0db633-1.jpg",
        "duration": "38:33",
        "link": "https:\/\/w27.my-cima.net\/watch.php?vid=e2e0db633"
    },
    {
        "title": "Watch Later",
        "image": "https:\/\/w27.my-cima.net\/uploads\/thumbs\/4ac4e818c-1.jpg",
        "duration": "37:46",
        "link": "https:\/\/w27.my-cima.net\/watch.php?vid=4ac4e818c"
    },
    {
        "title": "Watch Later",
        "image": "https:\/\/w27.my-cima.net\/uploads\/thumbs\/d3ee644de-1.jpg",
        "duration": "37:25",
        "link": "https:\/\/w27.my-cima.net\/watch.php?vid=d3ee644de"
    },
    {
        "title": "Watch Later",
        "image": "https:\/\/w27.my-cima.net\/uploads\/thumbs\/22576c11b-1.jpg",
        "duration": "43:24",
        "link": "https:\/\/w27.my-cima.net\/watch.php?vid=22576c11b"
    },
    {
        "title": "Watch Later",
        "image": "https:\/\/w27.my-cima.net\/uploads\/thumbs\/a807adf5a-1.jpg",
        "duration": "46:52",
        "link": "https:\/\/w27.my-cima.net\/watch.php?vid=a807adf5a"
    },
    {
        "title": "Watch Later",
        "image": "https:\/\/w27.my-cima.net\/uploads\/thumbs\/41b0299d4-1.jpg",
        "duration": "56:42",
        "link": "https:\/\/w27.my-cima.net\/watch.php?vid=41b0299d4"
    }
]