[
    {
        "title": "Watch Later",
        "image": "https:\/\/w27.my-cima.net\/uploads\/thumbs\/e0f90b8d7-1.jpg",
        "duration": "1:58:10",
        "link": "https:\/\/w27.my-cima.net\/watch.php?vid=e0f90b8d7"
    },
    {
        "title": "Watch Later",
        "image": "https:\/\/w27.my-cima.net\/uploads\/thumbs\/dce03304c-1.jpg",
        "duration": "1:34:06",
        "link": "https:\/\/w27.my-cima.net\/watch.php?vid=dce03304c"
    },
    {
        "title": "Watch Later",
        "image": "https:\/\/w27.my-cima.net\/uploads\/thumbs\/0ff2a6fa8-1.jpg",
        "duration": "2:13:52",
        "link": "https:\/\/w27.my-cima.net\/watch.php?vid=0ff2a6fa8"
    },
    {
        "title": "Watch Later",
        "image": "https:\/\/w27.my-cima.net\/uploads\/thumbs\/419cdca05-1.jpg",
        "duration": "2:02:15",
        "link": "https:\/\/w27.my-cima.net\/watch.php?vid=419cdca05"
    },
    {
        "title": "Watch Later",
        "image": "https:\/\/w27.my-cima.net\/uploads\/thumbs\/eca9abb7b-1.jpg",
        "duration": "2:00:21",
        "link": "https:\/\/w27.my-cima.net\/watch.php?vid=eca9abb7b"
    },
    {
        "title": "Watch Later",
        "image": "https:\/\/w27.my-cima.net\/uploads\/thumbs\/0f9f8ace3-1.jpg",
        "duration": "2:24:51",
        "link": "https:\/\/w27.my-cima.net\/watch.php?vid=0f9f8ace3"
    }
]