{
      "azkar": [
        {
            "num_zekr": 1,
            "type": "أذكار الصباح",
            "zekr": "اللّهُ لاَ إِلَـهَ إِلاَّ هُوَ الْحَيُّ الْقَيُّومُ لاَ تَأْخُذُهُ سِنَةٌ وَلاَ نَوْمٌ لَّهُ مَا فِي السَّمَاوَاتِ وَمَا فِي الأَرْضِ مَن ذَا الَّذِي يَشْفَعُ عِنْدَهُ إِلاَّ بِإِذْنِهِ يَعْلَمُ مَا بَيْنَ أَيْدِيهِمْ وَمَا خَلْفَهُمْ وَلاَ يُحِيطُونَ بِشَيْءٍ مِّنْ عِلْمِهِ إِلاَّ بِمَا شَاء وَسِعَ كُرْسِيُّهُ السَّمَاوَاتِ وَالأَرْضَ وَلاَ يَؤُودُهُ حِفْظُهُمَا وَهُوَ الْعَلِيُّ الْعَظِيمُ ",
            "zekr_info": "من قالها حين يصبح أجير من الجن حتى يمسى ومن قالها حين يمسى أجير من الجن حتى يصبح",
            "zekr_sound": "s1"
        },
        {
            "num_zekr": 3,
            "type": "أذكار الصباح",
            "zekr": "قُلْ هُوَ اللَّهُ أَحَدٌ، اللَّهُ الصَّمَدُ، لَمْ يَلِدْ وَلَمْ يُولَدْ، وَلَمْ يَكُن لَّهُ كُفُوًا أَحَدٌ\nقُلْ أَعُوذُ بِرَبِّ الْفَلَقِ، مِن شَرِّ مَا خَلَقَ، وَمِن شَرِّ غَاسِقٍ إِذَا وَقَبَ، وَمِن شَرِّالنَّفَّاثَاتِ فِي الْعُقَدِ، وَمِن شَرِّ حَاسِدٍ إِذَا حَسَدَ\nقُلْ أَعُوذُ بِرَبِّ النَّاسِ، مَلِكِ النَّاسِ، إِلَهِ النَّاسِ، مِن شَرِّ الْوَسْوَاسِ الْخَنَّاسِ، الَّذِي يُوَسْوِسُ فِي صُدُورِ النَّاسِ، مِنَ الْجِنَّةِ وَ النَّاسِ\"",
            "zekr_info": "من قالها حين يصبح وحين يمسى كفته من كل شىء",
            "zekr_sound": "s2"
        },
        {
            "num_zekr": 1,
            "type": "أذكار الصباح",
            "zekr": "أَصْـبَحْنا وَأَصْـبَحَ المُـلْكُ لله وَالحَمدُ لله ، لا إلهَ إلاّ اللّهُ وَحدَهُ لا شَريكَ لهُ، لهُ المُـلكُ ولهُ الحَمْـد، وهُوَ على كلّ شَيءٍ قدير ، رَبِّ أسْـأَلُـكَ خَـيرَ ما في هـذا اليوم وَخَـيرَ ما بَعْـدَه ، وَأَعـوذُ بِكَ مِنْ شَـرِّ ما في هـذا اليوم وَشَرِّ ما بَعْـدَه، رَبِّ أَعـوذُبِكَ مِنَ الْكَسَـلِ وَسـوءِ الْكِـبَر ، رَبِّ أَعـوذُبِكَ مِنْ عَـذابٍ في النّـارِ وَعَـذابٍ في القَـبْر",
            "zekr_info": "",
            "zekr_sound": "s3"
        },
        {
            "num_zekr": 1,
            "type": "أذكار الصباح",
            "zekr": "اللّهـمَّ أَنْتَ رَبِّـي لا إلهَ إلاّ أَنْتَ ، خَلَقْتَنـي وَأَنا عَبْـدُك ، وَأَنا عَلـى عَهْـدِكَ وَوَعْـدِكَ ما اسْتَـطَعْـت ، أَعـوذُبِكَ مِنْ شَـرِّ ما صَنَـعْت ، أَبـوءُ لَـكَ بِنِعْـمَتِـكَ عَلَـيَّ وَأَبـوءُ بِذَنْـبي فَاغْفـِرْ لي فَإِنَّـهُ لا يَغْـفِرُ الذُّنـوبَ إِلاّ أَنْتَ",
            "zekr_info": "من قالها موقنا بها حين يمسى ومات من ليلته دخل الجنة وكذلك حين يصبح",
            "zekr_sound": "s4"
        },
        {
            "num_zekr": 4,
            "type": "أذكار الصباح",
            "zekr": "اللّهُـمَّ إِنِّـي أَصْبَـحْتُ أُشْـهِدُك ، وَأُشْـهِدُ حَمَلَـةَ عَـرْشِـك ، وَمَلائِكَتِك ، وَجَمـيعَ خَلْـقِك ، أَنَّـكَ أَنْـتَ اللهُ لا إلهَ إلاّ أَنْـتَ وَحْـدَكَ لا شَريكَ لَـك ، وَأَنَّ ُ مُحَمّـداً عَبْـدُكَ وَرَسـولُـك",
            "zekr_info": "من قالها أعتقه الله من النار",
            "zekr_sound": "s5"
        },
        {
            "num_zekr": 1,
            "type": "أذكار الصباح",
            "zekr": "اللّهُـمَّ ما أَصْبَـَحَ بي مِـنْ نِعْـمَةٍ أَو بِأَحَـدٍ مِـنْ خَلْـقِك ، فَمِـنْكَ وَحْـدَكَ لا شريكَ لَـك ، فَلَـكَ الْحَمْـدُ وَلَـكَ الشُّكْـر",
            "zekr_info": "من قالها حين يصبح أدى شكر يومه",
            "zekr_sound": "s6"
        },
        {
            "num_zekr": 3,
            "type": "أذكار الصباح",
            "zekr": "اللّهُـمَّ عافِـني في بَدَنـي ، اللّهُـمَّ عافِـني في سَمْـعي ، اللّهُـمَّ عافِـني في بَصَـري ، لا إلهَ إلاّ أَنْـتَ",
            "zekr_info": "",
            "zekr_sound": "s7"
        },
        {
            "num_zekr": 3,
            "type": "أذكار الصباح",
            "zekr": "اللّهُـمَّ إِنّـي أَعـوذُ بِكَ مِنَ الْكُـفر ، وَالفَـقْر ، وَأَعـوذُ بِكَ مِنْ عَذابِ القَـبْر ، لا إلهَ إلاّ أَنْـتَ",
            "zekr_info": "",
            "zekr_sound": "s8"
        },
        {
            "num_zekr": 7,
            "type": "أذكار الصباح",
            "zekr": "حَسْبِـيَ اللّهُ لا إلهَ إلاّ هُوَ عَلَـيهِ تَوَكَّـلتُ وَهُوَ رَبُّ العَرْشِ العَظـيم",
            "zekr_info": "من قالها كفاه الله ما أهمه من أمر الدنيا والأخرة",
            "zekr_sound": "s9"
        },
        {
            "num_zekr": 1,
            "type": "أذكار الصباح",
            "zekr": "اللّهُـمَّ إِنِّـي أسْـأَلُـكَ العَـفْوَ وَالعـافِـيةَ في الدُّنْـيا وَالآخِـرَة ، اللّهُـمَّ إِنِّـي أسْـأَلُـكَ العَـفْوَ وَالعـافِـيةَ في ديني وَدُنْـيايَ وَأهْـلي وَمالـي ، اللّهُـمَّ اسْتُـرْ عـوْراتي وَآمِـنْ رَوْعاتـي ، اللّهُـمَّ احْفَظْـني مِن بَـينِ يَدَيَّ وَمِن خَلْفـي وَعَن يَمـيني وَعَن شِمـالي ، وَمِن فَوْقـي ، وَأَعـوذُ بِعَظَمَـتِكَ أَن أُغْـتالَ مِن تَحْتـي",
            "zekr_info": "",
            "zekr_sound": "s10"
        },
        {
            "num_zekr": 1,
            "type": "أذكار الصباح",
            "zekr": "اللّهُـمَّ عالِـمَ الغَـيْبِ وَالشّـهادَةِ فاطِـرَ السّماواتِ وَالأرْضِ رَبَّ كـلِّ شَـيءٍ وَمَليـكَه ، أَشْهَـدُ أَنْ لا إِلـهَ إِلاّ أَنْت ، أَعـوذُ بِكَ مِن شَـرِّ نَفْسـي وَمِن شَـرِّ الشَّيْـطانِ وَشِـرْكِه ، وَأَنْ أَقْتَـرِفَ عَلـى نَفْسـي سوءاً أَوْ أَجُـرَّهُ إِلـى مُسْـلِم",
            "zekr_info": "",
            "zekr_sound": "s11"
        },
        {
            "num_zekr": 3,
            "type": "أذكار الصباح",
            "zekr": "بِسـمِ اللهِ الذي لا يَضُـرُّ مَعَ اسمِـهِ شَيءٌ في الأرْضِ وَلا في السّمـاءِ وَهـوَ السّمـيعُ العَلـيم",
            "zekr_info": "لم يضره شيء",
            "zekr_sound": "s12"
        },
        {
            "num_zekr": 3,
            "type": "أذكار الصباح",
            "zekr": "رَضيـتُ بِاللهِ رَبَّـاً وَبِالإسْلامِ ديـناً وَبِمُحَـمَّدٍ صلى الله عليه وسلم نَبِيّـا",
            "zekr_info": "من قالها حين يصبح وحين يمسى كان حقا على الله أن يرضيه يوم القيامة",
            "zekr_sound": "s13"
        },
        {
            "num_zekr": 3,
            "type": "أذكار الصباح",
            "zekr": "أَعـوذُ بِكَلِمـاتِ اللّهِ التّـامّـاتِ مِنْ شَـرِّ ما خَلَـق",
            "zekr_info": "لم يضره شيء",
            "zekr_sound": "s30"
        },
        {
            "num_zekr": 3,
            "type": "أذكار الصباح",
            "zekr": "يَا حَيُّ يَا قيُّومُ بِرَحْمَتِكَ أسْتَغِيثُ أصْلِحْ لِي شَأنِي كُلَّهُ وَلاَ تَكِلُنِي إلَى نَفْسِي طَـرْفَةَ عَيْنٍ",
            "zekr_info": "",
            "zekr_sound": "s14"
        },
        {
            "num_zekr": 1,
            "type": "أذكار الصباح",
            "zekr": "أَصْبَـحْـنا وَأَصْبَـحْ المُـلكُ للهِ رَبِّ العـالَمـين ، اللّهُـمَّ إِنِّـي أسْـأَلُـكَ خَـيْرَ هـذا الـيَوْم ، فَـتْحَهُ ، وَنَصْـرَهُ ، وَنـورَهُ وَبَـرَكَتَـهُ ، وَهُـداهُ ، وَأَعـوذُ بِـكَ مِـنْ شَـرِّ ما فـيهِ وَشَـرِّ ما بَعْـدَه",
            "zekr_info": "",
            "zekr_sound": "s15"
        },
        {
            "num_zekr": 1,
            "type": "أذكار الصباح",
            "zekr": "أَصْبَـحْـنا عَلَى فِطْرَةِ الإسْلاَمِ، وَعَلَى كَلِمَةِ الإِخْلاَصِ، وَعَلَى دِينِ نَبِيِّنَا مُحَمَّدٍ صَلَّى اللهُ عَلَيْهِ وَسَلَّمَ، وَعَلَى مِلَّةِ أَبِينَا إبْرَاهِيمَ حَنِيفاً مُسْلِماً وَمَا كَانَ مِنَ المُشْرِكِينَ",
            "zekr_info": "",
            "zekr_sound": "s16"
        },
        {
            "num_zekr": 10,
            "type": "أذكار الصباح",
            "zekr": "لَا إلَه إلّا اللهُ وَحْدَهُ لَا شَرِيكَ لَهُ، لَهُ الْمُلْكُ وَلَهُ الْحَمْدُ وَهُوَ عَلَى كُلُّ شَيْءِ قَدِيرِ",
            "zekr_info": "كانت له عدل عشر رقاب، وكتبت له مئة حسنة، ومحيت عنه مئة سيئة، وكانت له حرزا من الشيطان",
            "zekr_sound": "s17"
        },
        {
            "num_zekr": 3,
            "type": "أذكار الصباح",
            "zekr": "أسْتَغْفِرُ اللهَ وَأتُوبُ إلَيهِ",
            "zekr_info": "",
            "zekr_sound": "s29"
        },
        {
            "num_zekr": 3,
            "type": "أذكار الصباح",
            "zekr": "سُبْحـانَ اللهِ وَبِحَمْـدِهِ عَدَدَ خَلْـقِه ، وَرِضـا نَفْسِـه ، وَزِنَـةَ عَـرْشِـه ، وَمِـدادَ كَلِمـاتِـه",
            "zekr_info": "",
            "zekr_sound": "s18"
        },
        {
            "num_zekr": 10,
            "type": "أذكار الصباح",
            "zekr": "اللهم صل وسلم على نبينا محمد",
            "zekr_info": "من صلى على حين يصبح وحين يمسى ادركته شفاعتى يوم القيامة",
            "zekr_sound": "s19"
        },
        {
            "num_zekr": 1,
            "type": "أذكار الصباح",
            "zekr": "اللّهُـمَّ بِكَ أَصْـبَحْنا وَبِكَ أَمْسَـينا ، وَبِكَ نَحْـيا وَبِكَ نَمُـوتُ وَإِلَـيْكَ النُّـشُور",
            "zekr_info": "",
            "zekr_sound": "s20"
        },
        {
            "num_zekr": 1,
            "type": "أذكار المساء",
            "zekr": "أَعُوذُ بِاللهِ مِنْ الشَّيْطَانِ الرَّجِيمِ\nاللّهُ لاَ إِلَـهَ إِلاَّ هُوَ الْحَيُّ الْقَيُّومُ لاَ تَأْخُذُهُ سِنَةٌ وَلاَ نَوْمٌ لَّهُ مَا فِي السَّمَاوَاتِ وَمَا فِي الأَرْضِ مَن ذَا الَّذِي يَشْفَعُ عِنْدَهُ إِلاَّ بِإِذْنِهِ يَعْلَمُ مَا بَيْنَ أَيْدِيهِمْ وَمَا خَلْفَهُمْ وَلاَ يُحِيطُونَ بِشَيْءٍ مِّنْ عِلْمِهِ إِلاَّ بِمَا شَاء وَسِعَ كُرْسِيُّهُ السَّمَاوَاتِ وَالأَرْضَ وَلاَ يَؤُودُهُ حِفْظُهُمَا وَهُوَ الْعَلِيُّ الْعَظِيمُ ",
            "zekr_info": "من قالها حين يصبح أجير من الجن حتى يمسى ومن قالها حين يمسى أجير من الجن حتى يصبح",
            "zekr_sound": "s1"
        },
        {
            "num_zekr": 3,
            "type": "أذكار المساء",
            "zekr": "\"أَعُوذُ بِاللهِ مِنْ الشَّيْطَانِ الرَّجِيمِ، بِسْمِ اللهِ الرَّحْمنِ الرَّحِيم قُلْ هُوَ اللَّهُ أَحَدٌ، اللَّهُ الصَّمَدُ، لَمْ يَلِدْ وَلَمْ يُولَدْ، وَلَمْ يَكُن لَّهُ كُفُوًا أَحَدٌ\nقُلْ أَعُوذُ بِرَبِّ الْفَلَقِ، مِن شَرِّ مَا خَلَقَ، وَمِن شَرِّ غَاسِقٍ إِذَا وَقَبَ، وَمِن شَرِّالنَّفَّاثَاتِ فِي الْعُقَدِ، وَمِن شَرِّ حَاسِدٍ إِذَا حَسَدَ\nقُلْ أَعُوذُ بِرَبِّ النَّاسِ، مَلِكِ النَّاسِ، إِلَهِ النَّاسِ، مِن شَرِّ الْوَسْوَاسِ الْخَنَّاسِ، الَّذِي يُوَسْوِسُ فِي صُدُورِ النَّاسِ، مِنَ الْجِنَّةِ وَ النَّاسِ\"",
            "zekr_info": "من قالها حين يصبح وحين يمسى كفته من كل شىء",
            "zekr_sound": "s2"
        },
        {
            "num_zekr": 1,
            "type": "أذكار المساء",
            "zekr": "أَعُوذُ بِاللهِ مِنْ الشَّيْطَانِ الرَّجِيمِ\nآمَنَ الرَّسُولُ بِمَا أُنْزِلَ إِلَيْهِ مِنْ رَبِّهِ وَالْمُؤْمِنُونَ ۚ كُلٌّ آمَنَ بِاللَّهِ وَمَلَائِكَتِهِ وَكُتُبِهِ وَرُسُلِهِ لَا نُفَرِّقُ بَيْنَ أَحَدٍ مِنْ رُسُلِهِ ۚ وَقَالُوا سَمِعْنَا وَأَطَعْنَا ۖ غُفْرَانَكَ رَبَّنَا وَإِلَيْكَ الْمَصِيرُ. لَا يُكَلِّفُ اللَّهُ نَفْسًا إِلَّا وُسْعَهَا لَهَا مَا كَسَبَتْ وَعَلَيْهَا مَا اكْتَسَبَتْ رَبَّنَا لَا تُؤَاخِذْنَا إِنْ نَسِينَا أَوْ أَخْطَأْنَا رَبَّنَا وَلَا تَحْمِلْ عَلَيْنَا إِصْرًا كَمَا حَمَلْتَهُ عَلَى الَّذِينَ مِنْ قَبْلِنَا رَبَّنَا وَلَا تُحَمِّلْنَا مَا لَا طَاقَةَ لَنَا بِهِ وَاعْفُ عَنَّا وَاغْفِرْ لَنَا وَارْحَمْنَا أَنْتَ مَوْلَانَا فَانْصُرْنَا عَلَى الْقَوْمِ الْكَافِرِينَ",
            "zekr_info": "من قرأ آيتين من آخر سورة البقرة في ليلة كفتاه",
            "zekr_sound": "s31"
        },
        {
            "num_zekr": 1,
            "type": "أذكار المساء",
            "zekr": "أَمْسَيْـنا وَأَمْسـى المـلكُ لله وَالحَمدُ لله ، لا إلهَ إلاّ اللّهُ وَحدَهُ لا شَريكَ لهُ، لهُ المُـلكُ ولهُ الحَمْـد، وهُوَ على كلّ شَيءٍ قدير ، رَبِّ أسْـأَلُـكَ خَـيرَ ما في هـذهِ اللَّـيْلَةِ وَخَـيرَ ما بَعْـدَهـا ، وَأَعـوذُ بِكَ مِنْ شَـرِّ ما في هـذهِ اللَّـيْلةِ وَشَرِّ ما بَعْـدَهـا ، رَبِّ أَعـوذُبِكَ مِنَ الْكَسَـلِ وَسـوءِ الْكِـبَر ، رَبِّ أَعـوذُ بِكَ مِنْ عَـذابٍ في النّـارِ وَعَـذابٍ في القَـبْر",
            "zekr_info": "",
            "zekr_sound": "s23"
        },
        {
            "num_zekr": 1,
            "type": "أذكار المساء",
            "zekr": "اللّهُـمَّ بِكَ أَمْسَـينا وَبِكَ أَصْـبَحْنا، وَبِكَ نَحْـيا وَبِكَ نَمُـوتُ وَإِلَـيْكَ الْمَصِيرُ",
            "zekr_info": "",
            "zekr_sound": "s24"
        },
        {
            "num_zekr": 1,
            "type": "أذكار المساء",
            "zekr": "اللّهـمَّ أَنْتَ رَبِّـي لا إلهَ إلاّ أَنْتَ ، خَلَقْتَنـي وَأَنا عَبْـدُك ، وَأَنا عَلـى عَهْـدِكَ وَوَعْـدِكَ ما اسْتَـطَعْـت ، أَعـوذُبِكَ مِنْ شَـرِّ ما صَنَـعْت ، أَبـوءُ لَـكَ بِنِعْـمَتِـكَ عَلَـيَّ وَأَبـوءُ بِذَنْـبي فَاغْفـِرْ لي فَإِنَّـهُ لا يَغْـفِرُ الذُّنـوبَ إِلاّ أَنْتَ",
            "zekr_info": "من قالها موقنا بها حين يمسى ومات من ليلته دخل الجنة وكذلك حين يصبح",
            "zekr_sound": "s4"
        },
        {
            "num_zekr": 4,
            "type": "أذكار المساء",
            "zekr": "اللّهُـمَّ إِنِّـي أَمسيتُ أُشْـهِدُك ، وَأُشْـهِدُ حَمَلَـةَ عَـرْشِـك ، وَمَلائِكَتِك ، وَجَمـيعَ خَلْـقِك ، أَنَّـكَ أَنْـتَ اللهُ لا إلهَ إلاّ أَنْـتَ وَحْـدَكَ لا شَريكَ لَـك ، وَأَنَّ ُ مُحَمّـداً عَبْـدُكَ وَرَسـولُـك",
            "zekr_info": "من قالها أعتقه الله من النار",
            "zekr_sound": "s25"
        },
        {
            "num_zekr": 1,
            "type": "أذكار المساء",
            "zekr": "اللّهُـمَّ ما أَمسى بي مِـنْ نِعْـمَةٍ أَو بِأَحَـدٍ مِـنْ خَلْـقِك ، فَمِـنْكَ وَحْـدَكَ لا شريكَ لَـك ، فَلَـكَ الْحَمْـدُ وَلَـكَ الشُّكْـر",
            "zekr_info": "من قالها حين يمسى أدى شكر يومه",
            "zekr_sound": "s26"
        },
        {
            "num_zekr": 3,
            "type": "أذكار المساء",
            "zekr": "اللّهُـمَّ عافِـني في بَدَنـي ، اللّهُـمَّ عافِـني في سَمْـعي ، اللّهُـمَّ عافِـني في بَصَـري ، لا إلهَ إلاّ أَنْـتَ",
            "zekr_info": "",
            "zekr_sound": "s7"
        },
        {
            "num_zekr": 3,
            "type": "أذكار المساء",
            "zekr": "اللّهُـمَّ إِنّـي أَعـوذُ بِكَ مِنَ الْكُـفر ، وَالفَـقْر ، وَأَعـوذُ بِكَ مِنْ عَذابِ القَـبْر ، لا إلهَ إلاّ أَنْـتَ",
            "zekr_info": "",
            "zekr_sound": "s8"
        },
        {
            "num_zekr": 7,
            "type": "أذكار المساء",
            "zekr": "حَسْبِـيَ اللّهُ لا إلهَ إلاّ هُوَ عَلَـيهِ تَوَكَّـلتُ وَهُوَ رَبُّ العَرْشِ العَظـيم",
            "zekr_info": "من قالها كفاه الله ما أهمه من أمر الدنيا والأخرة",
            "zekr_sound": "s9"
        },
        {
            "num_zekr": 1,
            "type": "أذكار المساء",
            "zekr": "اللّهُـمَّ إِنِّـي أسْـأَلُـكَ العَـفْوَ وَالعـافِـيةَ في الدُّنْـيا وَالآخِـرَة ، اللّهُـمَّ إِنِّـي أسْـأَلُـكَ العَـفْوَ وَالعـافِـيةَ في ديني وَدُنْـيايَ وَأهْـلي وَمالـي ، اللّهُـمَّ اسْتُـرْ عـوْراتي وَآمِـنْ رَوْعاتـي ، اللّهُـمَّ احْفَظْـني مِن بَـينِ يَدَيَّ وَمِن خَلْفـي وَعَن يَمـيني وَعَن شِمـالي ، وَمِن فَوْقـي ، وَأَعـوذُ بِعَظَمَـتِكَ أَن أُغْـتالَ مِن تَحْتـي",
            "zekr_info": "",
            "zekr_sound": "s10"
        },
        {
            "num_zekr": 1,
            "type": "أذكار المساء",
            "zekr": "اللّهُـمَّ عالِـمَ الغَـيْبِ وَالشّـهادَةِ فاطِـرَ السّماواتِ وَالأرْضِ رَبَّ كـلِّ شَـيءٍ وَمَليـكَه ، أَشْهَـدُ أَنْ لا إِلـهَ إِلاّ أَنْت ، أَعـوذُ بِكَ مِن شَـرِّ نَفْسـي وَمِن شَـرِّ الشَّيْـطانِ وَشِـرْكِه ، وَأَنْ أَقْتَـرِفَ عَلـى نَفْسـي سوءاً أَوْ أَجُـرَّهُ إِلـى مُسْـلِم",
            "zekr_info": "",
            "zekr_sound": "s11"
        },
        {
            "num_zekr": 3,
            "type": "أذكار المساء",
            "zekr": "بِسـمِ اللهِ الذي لا يَضُـرُّ مَعَ اسمِـهِ شَيءٌ في الأرْضِ وَلا في السّمـاءِ وَهـوَ السّمـيعُ العَلـيم",
            "zekr_info": "لم يضره شيء",
            "zekr_sound": "s12"
        },
        {
            "num_zekr": 3,
            "type": "أذكار المساء",
            "zekr": "أَعـوذُ بِكَلِمـاتِ اللّهِ التّـامّـاتِ مِنْ شَـرِّ ما خَلَـق",
            "zekr_info": "لم يضره شيء",
            "zekr_sound": "s30"
        },
        {
            "num_zekr": 3,
            "type": "أذكار المساء",
            "zekr": "رَضيـتُ بِاللهِ رَبَّـاً وَبِالإسْلامِ ديـناً وَبِمُحَـمَّدٍ صلى الله عليه وسلم نَبِيّـاً",
            "zekr_info": "من قالها حين يصبح وحين يمسى كان حقا على الله أن يرضيه يوم القيامة",
            "zekr_sound": "s13"
        },
        {
            "num_zekr": 3,
            "type": "أذكار المساء",
            "zekr": "يَا حَيُّ يَا قيُّومُ بِرَحْمَتِكَ أسْتَغِيثُ أصْلِحْ لِي شَأنِي كُلَّهُ وَلاَ تَكِلُنِي إلَى نَفْسِي طَـرْفَةَ عَيْنٍ",
            "zekr_info": "",
            "zekr_sound": "s14"
        },
        {
            "num_zekr": 1,
            "type": "أذكار المساء",
            "zekr": "أَمْسَيْنا وَأَمْسَى الْمُلْكُ للهِ رَبِّ الْعَالَمَيْنِ، اللَّهُمَّ إِنَّي أسْأَلُكَ خَيْرَ هَذَه اللَّيْلَةِ فَتْحَهَا ونَصْرَهَا، ونُوْرَهَا وبَرَكَتهَا، وَهُدَاهَا، وَأَعُوذُ بِكَ مِنْ شَرِّ مَا فيهِا وَشَرَّ مَا بَعْدَهَا",
            "zekr_info": "",
            "zekr_sound": "s27"
        },
        {
            "num_zekr": 1,
            "type": "أذكار المساء",
            "zekr": "أَمْسَيْنَا عَلَى فِطْرَةِ الإسْلاَمِ، وَعَلَى كَلِمَةِ الإِخْلاَصِ، وَعَلَى دِينِ نَبِيِّنَا مُحَمَّدٍ صَلَّى اللهُ عَلَيْهِ وَسَلَّمَ، وَعَلَى مِلَّةِ أَبِينَا إبْرَاهِيمَ حَنِيفاً مُسْلِماً وَمَا كَانَ مِنَ المُشْرِكِينَ",
            "zekr_info": "",
            "zekr_sound": "s28"
        },
        {
            "num_zekr": 10,
            "type": "أذكار المساء",
            "zekr": "لَا إلَه إلّا اللهُ وَحْدَهُ لَا شَرِيكَ لَهُ، لَهُ الْمُلْكُ وَلَهُ الْحَمْدُ وَهُوَ عَلَى كُلُّ شَيْءِ قَدِيرِ",
            "zekr_info": "كانت له عدل عشر رقاب، وكتبت له مئة حسنة، ومحيت عنه مئة سيئة، وكانت له حرزا من الشيطان",
            "zekr_sound": "s17"
        },
        {
            "num_zekr": 3,
            "type": "أذكار المساء",
            "zekr": "أسْتَغْفِرُ اللهَ وَأتُوبُ إلَيهِ",
            "zekr_info": "",
            "zekr_sound": "s29"
        },
        {
            "num_zekr": 10,
            "type": "أذكار المساء",
            "zekr": "اللهم صل وسلم على نبينا محمد",
            "zekr_info": "من صلى على حين يصبح وحين يمسى ادركته شفاعتى يوم القيامة",
            "zekr_sound": "s19"
        }]
}