{
  "texts": [
    {"text": "الباقيات الصالحات خير وباقي"},
    {"text": "سبحان الله"},
    {"text": "الحمدلله"},
    {"text": "لا إله إلا الله"},
    {"text": "الله أكبر"},
    {"text": "سبحان الله وبحمده"},
    {"text": "سبحان الله العظيم"},
    {"text": "لا حول ولا قوة إلا بالله"},
    {"text": "أستغفر الله العظيم وأتوب إليه"},
    {"text": "اللهم صل وسلم على نبينا محمد"},
    {"text": "لا إله إلا أنت سبحانك إني كنت من الظالمين"},
    {"text": "حسبي الله لا إله إلا هو عليه توكلت وهو رب العرش العظيم"}
  ]
}